-- phpMyAdmin SQL Dump
-- version 4.8.5
-- https://www.phpmyadmin.net/
--
-- Host: 127.0.0.1
-- Generation Time: Jan 07, 2020 at 11:35 AM
-- Server version: 10.1.40-MariaDB
-- PHP Version: 7.3.5

SET SQL_MODE = "NO_AUTO_VALUE_ON_ZERO";
SET AUTOCOMMIT = 0;
START TRANSACTION;
SET time_zone = "+00:00";


/*!40101 SET @OLD_CHARACTER_SET_CLIENT=@@CHARACTER_SET_CLIENT */;
/*!40101 SET @OLD_CHARACTER_SET_RESULTS=@@CHARACTER_SET_RESULTS */;
/*!40101 SET @OLD_COLLATION_CONNECTION=@@COLLATION_CONNECTION */;
/*!40101 SET NAMES utf8mb4 */;

--
-- Database: `bbc_evoting`
--

-- --------------------------------------------------------

--
-- Table structure for table `admin`
--

CREATE TABLE `admin` (
  `id_admin` int(11) NOT NULL,
  `nm_admin` varchar(128) NOT NULL,
  `jk` enum('L','P') NOT NULL,
  `alamat` varchar(128) NOT NULL,
  `telepon` varchar(128) NOT NULL,
  `email` varchar(128) NOT NULL,
  `password` varchar(128) NOT NULL,
  `gambar` varchar(128) NOT NULL
) ENGINE=InnoDB DEFAULT CHARSET=latin1;

--
-- Dumping data for table `admin`
--

INSERT INTO `admin` (`id_admin`, `nm_admin`, `jk`, `alamat`, `telepon`, `email`, `password`, `gambar`) VALUES
(1, 'Adiatna Sukmana', 'L', 'Kp.Situraci RT03 RW28', '0832822623170', 'dyatna.id@gmail.com', '$2y$10$XRzIhkWqAvI0y.tzBvY08.WAbSF82BnjoV/niUrgLq58Zm.2BLDMi', 'man-1.png');

-- --------------------------------------------------------

--
-- Table structure for table `data_pemilihan`
--

CREATE TABLE `data_pemilihan` (
  `id_data_pemilihan` int(11) NOT NULL,
  `id_pemilih` int(11) NOT NULL,
  `id_kandidat` int(11) NOT NULL,
  `tanggal` timestamp NOT NULL DEFAULT CURRENT_TIMESTAMP,
  `tahun_ajaran` varchar(128) NOT NULL
) ENGINE=InnoDB DEFAULT CHARSET=latin1;

--
-- Dumping data for table `data_pemilihan`
--

INSERT INTO `data_pemilihan` (`id_data_pemilihan`, `id_pemilih`, `id_kandidat`, `tanggal`, `tahun_ajaran`) VALUES
(35, 7827, 1, '2020-01-07 09:41:58', '2020/2021'),
(36, 7852, 15, '2020-01-07 09:42:13', '2020/2021'),
(37, 7861, 14, '2020-01-07 09:42:31', '2020/2021'),
(38, 7831, 1, '2020-01-07 09:42:43', '2020/2021'),
(39, 7811, 14, '2020-01-07 09:43:09', '2020/2021'),
(40, 7792, 1, '2020-01-07 09:43:24', '2020/2021'),
(41, 7819, 15, '2020-01-07 09:43:38', '2020/2021'),
(42, 7804, 1, '2020-01-07 09:43:54', '2020/2021'),
(43, 7851, 14, '2020-01-07 09:44:07', '2020/2021'),
(44, 7797, 15, '2020-01-07 09:44:24', '2020/2021'),
(45, 7796, 14, '2020-01-07 09:44:37', '2020/2021'),
(46, 7843, 1, '2020-01-07 09:44:49', '2020/2021'),
(47, 7818, 15, '2020-01-07 09:45:03', '2020/2021'),
(48, 7793, 1, '2020-01-07 09:45:19', '2020/2021'),
(49, 7859, 14, '2020-01-07 09:45:35', '2020/2021'),
(50, 7788, 1, '2020-01-07 09:46:00', '2020/2021'),
(51, 7825, 1, '2020-01-07 09:46:13', '2020/2021'),
(52, 7835, 15, '2020-01-07 09:51:26', '2020/2021'),
(53, 7806, 15, '2020-01-07 09:51:45', '2020/2021'),
(54, 7823, 14, '2020-01-07 09:51:58', '2020/2021'),
(55, 7822, 1, '2020-01-07 09:52:08', '2020/2021'),
(56, 7844, 14, '2020-01-07 09:52:21', '2020/2021'),
(57, 7842, 14, '2020-01-07 09:52:32', '2020/2021'),
(58, 7832, 14, '2020-01-07 09:52:44', '2020/2021'),
(59, 7821, 14, '2020-01-07 09:52:58', '2020/2021'),
(60, 7838, 14, '2020-01-07 09:53:11', '2020/2021'),
(61, 7790, 14, '2020-01-07 09:53:26', '2020/2021'),
(62, 7802, 1, '2020-01-07 09:53:47', '2020/2021'),
(63, 7814, 1, '2020-01-07 09:54:01', '2020/2021'),
(64, 7810, 1, '2020-01-07 09:54:15', '2020/2021'),
(65, 7848, 15, '2020-01-07 09:54:28', '2020/2021'),
(66, 7826, 1, '2020-01-07 09:54:42', '2020/2021'),
(67, 7855, 1, '2020-01-07 09:54:55', '2020/2021'),
(68, 7834, 1, '2020-01-07 09:55:07', '2020/2021'),
(69, 7853, 1, '2020-01-07 09:55:17', '2020/2021'),
(70, 7830, 14, '2020-01-07 09:55:31', '2020/2021'),
(71, 7820, 14, '2020-01-07 09:55:46', '2020/2021'),
(72, 7795, 14, '2020-01-07 09:56:02', '2020/2021'),
(73, 7850, 1, '2020-01-07 09:56:19', '2020/2021'),
(74, 7791, 1, '2020-01-07 09:56:30', '2020/2021'),
(75, 7846, 1, '2020-01-07 09:56:41', '2020/2021'),
(76, 7813, 1, '2020-01-07 09:56:52', '2020/2021'),
(77, 7856, 1, '2020-01-07 09:57:01', '2020/2021'),
(78, 7815, 1, '2020-01-07 09:57:11', '2020/2021'),
(79, 7860, 1, '2020-01-07 09:57:23', '2020/2021'),
(80, 7809, 15, '2020-01-07 09:57:50', '2020/2021'),
(81, 7840, 15, '2020-01-07 09:58:00', '2020/2021'),
(82, 7812, 1, '2020-01-07 09:58:53', '2020/2021'),
(83, 7828, 1, '2020-01-07 09:59:07', '2020/2021'),
(84, 7857, 1, '2020-01-07 09:59:20', '2020/2021'),
(85, 7824, 15, '2020-01-07 09:59:32', '2020/2021'),
(86, 7847, 14, '2020-01-07 10:03:09', '2020/2021'),
(87, 7798, 14, '2020-01-07 10:03:26', '2020/2021'),
(88, 7817, 1, '2020-01-07 10:03:52', '2020/2021'),
(89, 7836, 15, '2020-01-07 10:04:03', '2020/2021'),
(90, 7807, 1, '2020-01-07 10:04:21', '2020/2021'),
(91, 7800, 15, '2020-01-07 10:04:32', '2020/2021'),
(92, 7863, 15, '2020-01-07 10:04:40', '2020/2021'),
(93, 7799, 14, '2020-01-07 10:04:51', '2020/2021'),
(94, 7841, 14, '2020-01-07 10:05:03', '2020/2021'),
(95, 7789, 14, '2020-01-07 10:05:18', '2020/2021'),
(96, 7845, 14, '2020-01-07 10:05:28', '2020/2021'),
(97, 7849, 14, '2020-01-07 10:05:40', '2020/2021'),
(98, 7858, 1, '2020-01-07 10:05:52', '2020/2021'),
(99, 7833, 1, '2020-01-07 10:06:06', '2020/2021'),
(100, 7801, 15, '2020-01-07 10:06:19', '2020/2021'),
(101, 7805, 15, '2020-01-07 10:06:31', '2020/2021'),
(102, 7839, 15, '2020-01-07 10:06:43', '2020/2021'),
(103, 7816, 15, '2020-01-07 10:06:53', '2020/2021'),
(104, 7794, 15, '2020-01-07 10:07:06', '2020/2021'),
(105, 7854, 15, '2020-01-07 10:07:17', '2020/2021'),
(106, 7837, 15, '2020-01-07 10:07:27', '2020/2021'),
(107, 7862, 15, '2020-01-07 10:07:37', '2020/2021'),
(108, 7808, 1, '2020-01-07 10:09:12', '2020/2021');

-- --------------------------------------------------------

--
-- Table structure for table `jurusan`
--

CREATE TABLE `jurusan` (
  `id_jurusan` int(11) NOT NULL,
  `nm_jurusan` varchar(128) NOT NULL
) ENGINE=InnoDB DEFAULT CHARSET=latin1;

--
-- Dumping data for table `jurusan`
--

INSERT INTO `jurusan` (`id_jurusan`, `nm_jurusan`) VALUES
(1, 'Bisnis Daring Pemasaran'),
(2, 'Rekayasa Perangkat Lunak'),
(8, 'Desain Komunikasi Visual');

-- --------------------------------------------------------

--
-- Table structure for table `kandidat`
--

CREATE TABLE `kandidat` (
  `id_kandidat` int(11) NOT NULL,
  `nm_kandidat` varchar(128) NOT NULL,
  `id_kelas` int(11) NOT NULL,
  `id_jurusan` int(11) NOT NULL,
  `jk` enum('L','P') NOT NULL,
  `alamat` varchar(128) NOT NULL,
  `email` varchar(128) NOT NULL,
  `telepon` varchar(128) NOT NULL,
  `visi` text NOT NULL,
  `misi` text NOT NULL,
  `gambar` varchar(128) NOT NULL,
  `jml_suara` int(11) DEFAULT NULL,
  `tahun_ajaran` varchar(128) NOT NULL,
  `no_urut` int(11) NOT NULL
) ENGINE=InnoDB DEFAULT CHARSET=latin1;

--
-- Dumping data for table `kandidat`
--

INSERT INTO `kandidat` (`id_kandidat`, `nm_kandidat`, `id_kelas`, `id_jurusan`, `jk`, `alamat`, `email`, `telepon`, `visi`, `misi`, `gambar`, `jml_suara`, `tahun_ajaran`, `no_urut`) VALUES
(1, 'Jessica Alexander', 1, 1, 'P', 'Kp.Panundaan', 'jessica@gmail.com', '08382263170', 'lorem ipsum dolor sitamet', 'lorem ipsum dolor sitamet', 'k1.png', 31, '2020/2021', 2),
(14, 'Bella', 2, 8, 'P', 'Kp.Batugede', 'bella@gmail.com', '083822623170', 'lorem ipsum dolor sit amet', 'lorem ipsum dolor sit amet', 'k2.png', 22, '2020/2021', 1),
(15, 'Nezuko', 9, 2, 'P', 'Kp. Situraci', 'dyatna.id@gmail.com', '083822623170', 'lorem ipsum dolor sitamet', 'lorem ipsum dolor sitamet', 'k3.png', 21, '2020/2021', 3);

-- --------------------------------------------------------

--
-- Table structure for table `kelas`
--

CREATE TABLE `kelas` (
  `id_kelas` int(11) NOT NULL,
  `nm_kelas` varchar(128) NOT NULL
) ENGINE=InnoDB DEFAULT CHARSET=latin1;

--
-- Dumping data for table `kelas`
--

INSERT INTO `kelas` (`id_kelas`, `nm_kelas`) VALUES
(1, 'X BDP 1'),
(2, 'X BDP 2'),
(3, 'X BDP 3'),
(4, 'X BDP 4'),
(5, 'X BDP 5'),
(6, 'X BDP 6'),
(7, 'X RPL 1'),
(8, 'X RPL 2'),
(9, 'X RPL 3'),
(10, 'X RPL 4');

-- --------------------------------------------------------

--
-- Table structure for table `konfigurasi`
--

CREATE TABLE `konfigurasi` (
  `id` int(11) NOT NULL,
  `tempat_pelaksanaan` varchar(128) NOT NULL,
  `alamat` varchar(128) NOT NULL,
  `tahun_ajaran` varchar(128) NOT NULL,
  `tanggal` varchar(128) NOT NULL
) ENGINE=InnoDB DEFAULT CHARSET=latin1;

--
-- Dumping data for table `konfigurasi`
--

INSERT INTO `konfigurasi` (`id`, `tempat_pelaksanaan`, `alamat`, `tahun_ajaran`, `tanggal`) VALUES
(1, 'SMK Budi Bakti Ciwidey', 'Jl.Babakan tiga No.82', '2020/2021', 'Sabtu, 18 Januari 2019');

-- --------------------------------------------------------

--
-- Table structure for table `pemilih`
--

CREATE TABLE `pemilih` (
  `id_pemilih` int(11) NOT NULL,
  `barcode` varchar(225) NOT NULL,
  `status` int(11) DEFAULT NULL,
  `sudah_print` int(11) DEFAULT NULL
) ENGINE=InnoDB DEFAULT CHARSET=latin1;

--
-- Dumping data for table `pemilih`
--

INSERT INTO `pemilih` (`id_pemilih`, `barcode`, `status`, `sudah_print`) VALUES
(6212, '19348', 0, 1),
(6213, '18143', 0, 1),
(6214, '59365', 0, 1),
(6215, '57548', 0, 1),
(6216, '25375', 0, 1),
(6217, '74580', 0, 1),
(6218, '74721', 0, 1),
(6219, '46586', 0, 1),
(6220, '84041', 0, 1),
(6221, '15037', 0, 1),
(6222, '95946', 0, 1),
(6223, '47368', 0, 1),
(6224, '70607', 0, 1),
(6225, '62044', 0, 1),
(6226, '42381', 0, 1),
(6227, '24267', 0, 1),
(6228, '52042', 0, 1),
(6229, '80038', 0, 1),
(6230, '65667', 0, 1),
(6231, '73708', 0, 1),
(6232, '08897', 0, 1),
(6233, '46683', 0, 1),
(6234, '60456', 0, 1),
(6235, '13732', 0, 1),
(6236, '94930', 0, 1),
(6237, '08463', 0, 1),
(6238, '73301', 0, 1),
(6239, '85611', 0, 1),
(6240, '83951', 0, 1),
(6241, '00059', 0, 1),
(6242, '95063', 0, 1),
(6243, '91093', 0, 1),
(6244, '67843', 0, 1),
(6245, '58889', 0, 1),
(6246, '56756', 0, 1),
(6247, '49269', 0, 1),
(6248, '79725', 0, 1),
(6249, '42397', 0, 1),
(6250, '46768', 0, 1),
(6251, '45324', 0, 1),
(6252, '30022', 0, 1),
(6253, '87215', 0, 1),
(6254, '93777', 0, 1),
(6255, '42032', 0, 1),
(6256, '29264', 0, 1),
(6257, '91297', 0, 1),
(6258, '44620', 0, 1),
(6259, '47411', 0, 1),
(6260, '97676', 0, 1),
(6261, '03759', 0, 1),
(6262, '10435', 0, 1),
(6263, '56185', 0, 1),
(6264, '63284', 0, 1),
(6265, '79714', 0, 1),
(6266, '24785', 0, 1),
(6267, '00954', 0, 1),
(6268, '07719', 0, 1),
(6269, '56910', 0, 1),
(6270, '12889', 0, 1),
(6271, '30541', 0, 1),
(6272, '95140', 0, 1),
(6273, '82160', 0, 1),
(6274, '05543', 0, 1),
(6275, '40774', 0, 1),
(6276, '73158', 0, 1),
(6277, '54225', 0, 1),
(6278, '73204', 0, 1),
(6279, '11932', 0, 1),
(6280, '82689', 0, 1),
(6281, '46197', 0, 1),
(6282, '84897', 0, 1),
(6283, '97095', 0, 1),
(6284, '17310', 0, 1),
(6285, '26021', 0, 1),
(6286, '80172', 0, 1),
(6287, '17967', 0, 1),
(6288, '45392', 0, 1),
(6289, '04728', 0, 1),
(6290, '20045', 0, 1),
(6291, '33043', 0, 1),
(6292, '39327', 0, 1),
(6293, '73475', 0, 1),
(6294, '28708', 0, 1),
(6295, '95241', 0, 1),
(6296, '11424', 0, 1),
(6297, '75012', 0, 1),
(6298, '99449', 0, 1),
(6299, '69664', 0, 1),
(6300, '96627', 0, 1),
(6301, '67897', 0, 1),
(6302, '99033', 0, 1),
(6303, '46011', 0, 1),
(6304, '67982', 0, 1),
(6305, '05136', 0, 1),
(6306, '10245', 0, 1),
(6307, '14661', 0, 1),
(6308, '64904', 0, 1),
(6309, '77083', 0, 1),
(6310, '26361', 0, 1),
(6311, '88675', 0, 1),
(6312, '48088', 0, 1),
(6313, '37232', 0, 1),
(6314, '51551', 0, 1),
(6315, '95588', 0, 1),
(6316, '88702', 0, 1),
(6317, '58599', 0, 1),
(6318, '43400', 0, 1),
(6319, '94795', 0, 1),
(6320, '33835', 0, 1),
(6321, '79513', 0, 1),
(6322, '45607', 0, 1),
(6323, '23745', 0, 1),
(6324, '77952', 0, 1),
(6325, '90066', 0, 1),
(6326, '70582', 0, 1),
(6327, '87733', 0, 1),
(6328, '58895', 0, 1),
(6329, '58232', 0, 1),
(6330, '74770', 0, 1),
(6331, '63074', 0, 1),
(6332, '49704', 0, 1),
(6333, '70179', 0, 1),
(6334, '12064', 0, 1),
(6335, '06122', 0, 1),
(6336, '37209', 0, 1),
(6337, '36555', 0, 1),
(6338, '42312', 0, 1),
(6339, '44223', 0, 1),
(6340, '89384', 0, 1),
(6341, '32416', 0, 1),
(6342, '13071', 0, 1),
(6343, '59643', 0, 1),
(6344, '55265', 0, 1),
(6345, '91610', 0, 1),
(6346, '07732', 0, 1),
(6347, '85861', 0, 1),
(6348, '82610', 0, 1),
(6349, '46666', 0, 1),
(6350, '78265', 0, 1),
(6351, '98117', 0, 1),
(6352, '11440', 0, 1),
(6353, '99129', 0, 1),
(6354, '75394', 0, 1),
(6355, '78001', 0, 1),
(6356, '06836', 0, 1),
(6357, '89890', 0, 1),
(6358, '16934', 0, 1),
(6359, '95791', 0, 1),
(6360, '42525', 0, 1),
(6361, '58473', 0, 1),
(6362, '87932', 0, 1),
(6363, '08630', 0, 1),
(6364, '07049', 0, 1),
(6365, '89726', 0, 1),
(6366, '10329', 0, 1),
(6367, '49647', 0, 1),
(6368, '94158', 0, 1),
(6369, '89030', 0, 1),
(6370, '08146', 0, 1),
(6371, '95250', 0, 1),
(6372, '55020', 0, 1),
(6373, '14817', 0, 1),
(6374, '49032', 0, 1),
(6375, '00930', 0, 1),
(6376, '91386', 0, 1),
(6377, '91704', 0, 1),
(6378, '34263', 0, 1),
(6379, '89102', 0, 1),
(6380, '98146', 0, 1),
(6381, '82974', 0, 1),
(6382, '61090', 0, 1),
(6383, '94624', 0, 1),
(6384, '99700', 0, 1),
(6385, '64361', 0, 1),
(6386, '21233', 0, 1),
(6387, '39255', 0, 1),
(6388, '69428', 0, 1),
(6389, '72859', 0, 1),
(6390, '44559', 0, 1),
(6391, '26808', 0, 1),
(6392, '98414', 0, 1),
(6393, '44173', 0, 1),
(6394, '80097', 0, 1),
(6395, '76546', 0, 1),
(6396, '21583', 0, 1),
(6397, '28579', 0, 1),
(6398, '38645', 0, 1),
(6399, '17135', 0, 1),
(6400, '23270', 0, 1),
(6401, '29048', 0, 1),
(6402, '47153', 0, 1),
(6403, '49948', 0, 1),
(6404, '64417', 0, 1),
(6405, '47980', 0, 1),
(6406, '26363', 0, 1),
(6407, '79856', 0, 1),
(6408, '44638', 0, 1),
(6409, '61066', 0, 1),
(6410, '11148', 0, 1),
(6411, '20736', 0, 1),
(6412, '90590', 0, 1),
(6413, '28647', 0, 1),
(6414, '79070', 0, 1),
(6415, '45520', 0, 1),
(6416, '91060', 0, 1),
(6417, '53742', 0, 1),
(6418, '88478', 0, 1),
(6419, '07385', 0, 1),
(6420, '87345', 0, 1),
(6421, '08571', 0, 1),
(6422, '92203', 0, 1),
(6423, '16770', 0, 1),
(6424, '08228', 0, 1),
(6425, '98080', 0, 1),
(6426, '38362', 0, 1),
(6427, '88220', 0, 1),
(6428, '01785', 0, 1),
(6429, '83127', 0, 1),
(6430, '18790', 0, 1),
(6431, '78816', 0, 1),
(6432, '67287', 0, 1),
(6433, '58318', 0, 1),
(6434, '78429', 0, 1),
(6435, '93270', 0, 1),
(6436, '31715', 0, 1),
(6437, '20224', 0, 1),
(6438, '36872', 0, 1),
(6439, '65083', 0, 1),
(6440, '79243', 0, 1),
(6441, '97355', 0, 1),
(6442, '64355', 0, 1),
(6443, '32600', 0, 1),
(6444, '82497', 0, 1),
(6445, '88023', 0, 1),
(6446, '52729', 0, 1),
(6447, '01819', 0, 1),
(6448, '06028', 0, 1),
(6449, '60295', 0, 1),
(6450, '20686', 0, 1),
(6451, '81558', 0, 1),
(6452, '73622', 0, 1),
(6453, '21917', 0, 1),
(6454, '66412', 0, 1),
(6455, '40497', 0, 1),
(6456, '24478', 0, 1),
(6457, '80195', 0, 1),
(6458, '36011', 0, 1),
(6459, '31537', 0, 1),
(6460, '81685', 0, 1),
(6461, '13294', 0, 1),
(6462, '76922', 0, 1),
(6463, '17229', 0, 1),
(6464, '50229', 0, 1),
(6465, '14775', 0, 1),
(6466, '91874', 0, 1),
(6467, '57910', 0, 1),
(6468, '13844', 0, 1),
(6469, '74865', 0, 1),
(6470, '42698', 0, 1),
(6471, '66684', 0, 1),
(6472, '84146', 0, 1),
(6473, '30474', 0, 1),
(6474, '53002', 0, 1),
(6475, '96782', 0, 1),
(6476, '11770', 0, 1),
(6477, '41766', 0, 1),
(6478, '86233', 0, 1),
(6479, '51765', 0, 1),
(6480, '80201', 0, 1),
(6481, '88694', 0, 1),
(6482, '41888', 0, 1),
(6483, '15907', 0, 1),
(6484, '62781', 0, 1),
(6485, '06777', 0, 1),
(6486, '86874', 0, 1),
(6487, '54541', 0, 1),
(6488, '17031', 0, 1),
(6489, '96478', 0, 1),
(6490, '28900', 0, 1),
(6491, '41856', 0, 1),
(6492, '62188', 0, 1),
(6493, '83130', 0, 1),
(6494, '20329', 0, 1),
(6495, '04655', 0, 1),
(6496, '54536', 0, 1),
(6497, '37774', 0, 1),
(6498, '87415', 0, 1),
(6499, '51924', 0, 1),
(6500, '83784', 0, 1),
(6501, '69289', 0, 1),
(6502, '87237', 0, 1),
(6503, '79123', 0, 1),
(6504, '69045', 0, 1),
(6505, '81989', 0, 1),
(6506, '22725', 0, 1),
(6507, '71409', 0, 1),
(6508, '27172', 0, 1),
(6509, '14165', 0, 1),
(6510, '08069', 0, 1),
(6511, '30502', 0, 1),
(6512, '85033', 0, 1),
(6513, '23974', 0, 1),
(6514, '83488', 0, 1),
(6515, '47328', 0, 1),
(6516, '67267', 0, 1),
(6517, '12844', 0, 1),
(6518, '63650', 0, 1),
(6519, '99988', 0, 1),
(6520, '70319', 0, 1),
(6521, '13726', 0, 1),
(6522, '46675', 0, 1),
(6523, '39737', 0, 1),
(6524, '60228', 0, 1),
(6525, '36962', 0, 1),
(6526, '92193', 0, 1),
(6527, '05647', 0, 1),
(6528, '05675', 0, 1),
(6529, '23139', 0, 1),
(6530, '90260', 0, 1),
(6531, '55056', 0, 1),
(6532, '10864', 0, 1),
(6533, '96013', 0, 1),
(6534, '87311', 0, 1),
(6535, '64377', 0, 1),
(6536, '11622', 0, 1),
(6537, '34909', 0, 1),
(6538, '05378', 0, 1),
(6539, '87599', 0, 1),
(6540, '33361', 0, 1),
(6541, '65323', 0, 1),
(6542, '31311', 0, 1),
(6543, '66872', 0, 1),
(6544, '91731', 0, 1),
(6545, '72886', 0, 1),
(6546, '18294', 0, 1),
(6547, '50149', 0, 1),
(6548, '18197', 0, 1),
(6549, '72393', 0, 1),
(6550, '13372', 0, 1),
(6551, '16295', 0, 1),
(6552, '25189', 0, 1),
(6553, '50109', 0, 1),
(6554, '12114', 0, 1),
(6555, '30468', 0, 1),
(6556, '87903', 0, 1),
(6557, '30277', 0, 1),
(6558, '40470', 0, 1),
(6559, '98566', 0, 1),
(6560, '62271', 0, 1),
(6561, '44948', 0, 1),
(6562, '98179', 0, 1),
(6563, '77915', 0, 1),
(6564, '79215', 0, 1),
(6565, '11970', 0, 1),
(6566, '04614', 0, 1),
(6567, '72829', 0, 1),
(6568, '53875', 0, 1),
(6569, '36785', 0, 1),
(6570, '86436', 0, 1),
(6571, '55537', 0, 1),
(6572, '38683', 0, 1),
(6573, '39716', 0, 1),
(6574, '50239', 0, 1),
(6575, '03778', 0, 1),
(6576, '93320', 0, 1),
(6577, '06089', 0, 1),
(6578, '27040', 0, 1),
(6579, '78412', 0, 1),
(6580, '41368', 0, 1),
(6581, '39602', 0, 1),
(6582, '71108', 0, 1),
(6583, '67563', 0, 1),
(6584, '43228', 0, 1),
(6585, '21492', 0, 1),
(6586, '02865', 0, 1),
(6587, '01976', 0, 1),
(6588, '26500', 0, 1),
(6589, '21618', 0, 1),
(6590, '85621', 0, 1),
(6591, '83910', 0, 1),
(6592, '63024', 0, 1),
(6593, '09984', 0, 1),
(6594, '01910', 0, 1),
(6595, '92342', 0, 1),
(6596, '28995', 0, 1),
(6597, '41879', 0, 1),
(6598, '10646', 0, 1),
(6599, '89227', 0, 1),
(6600, '82145', 0, 1),
(6601, '62370', 0, 1),
(6602, '83264', 0, 1),
(6603, '36709', 0, 1),
(6604, '16122', 0, 1),
(6605, '96085', 0, 1),
(6606, '00916', 0, 1),
(6607, '97529', 0, 1),
(6608, '36987', 0, 1),
(6609, '28140', 0, 1),
(6610, '51629', 0, 1),
(6611, '82732', 0, 1),
(6612, '90297', 0, 1),
(6613, '44205', 0, 1),
(6614, '48599', 0, 1),
(6615, '89368', 0, 1),
(6616, '33251', 0, 1),
(6617, '45247', 0, 1),
(6618, '92500', 0, 1),
(6619, '14806', 0, 1),
(6620, '87952', 0, 1),
(6621, '92960', 0, 1),
(6622, '21305', 0, 1),
(6623, '54243', 0, 1),
(6624, '20524', 0, 1),
(6625, '71976', 0, 1),
(6626, '28598', 0, 1),
(6627, '73008', 0, 1),
(6628, '22231', 0, 1),
(6629, '49155', 0, 1),
(6630, '91260', 0, 1),
(6631, '52742', 0, 1),
(6632, '14978', 0, 1),
(6633, '36334', 0, 1),
(6634, '84357', 0, 1),
(6635, '86878', 0, 1),
(6636, '03971', 0, 1),
(6637, '52930', 0, 1),
(6638, '40199', 0, 1),
(6639, '60764', 0, 1),
(6640, '68256', 0, 1),
(6641, '72298', 0, 1),
(6642, '52948', 0, 1),
(6643, '79982', 0, 1),
(6644, '83549', 0, 1),
(6645, '71897', 0, 1),
(6646, '51083', 0, 1),
(6647, '62532', 0, 1),
(6648, '84036', 0, 1),
(6649, '36607', 0, 1),
(6650, '50752', 0, 1),
(6651, '92336', 0, 1),
(6652, '96563', 0, 1),
(6653, '28459', 0, 1),
(6654, '80185', 0, 1),
(6655, '41035', 0, 1),
(6656, '63799', 0, 1),
(6657, '66065', 0, 1),
(6658, '30126', 0, 1),
(6659, '21618', 0, 1),
(6660, '03108', 0, 1),
(6661, '09825', 0, 1),
(6662, '70372', 0, 1),
(6663, '31989', 0, 1),
(6664, '22913', 0, 1),
(6665, '47299', 0, 1),
(6666, '44846', 0, 1),
(6667, '15689', 0, 1),
(6668, '32221', 0, 1),
(6669, '37400', 0, 1),
(6670, '14790', 0, 1),
(6671, '78074', 0, 1),
(6672, '14520', 0, 1),
(6673, '76009', 0, 1),
(6674, '50677', 0, 1),
(6675, '93900', 0, 1),
(6676, '52372', 0, 1),
(6677, '95819', 0, 1),
(6678, '42203', 0, 1),
(6679, '05606', 0, 1),
(6680, '19886', 0, 1),
(6681, '44930', 0, 1),
(6682, '01164', 0, 1),
(6683, '65742', 0, 1),
(6684, '06571', 0, 1),
(6685, '89963', 0, 1),
(6686, '07852', 0, 1),
(6687, '13469', 0, 1),
(6688, '20032', 0, 1),
(6689, '85305', 0, 1),
(6690, '96360', 0, 1),
(6691, '96015', 0, 1),
(6692, '96332', 0, 1),
(6693, '52841', 0, 1),
(6694, '58912', 0, 1),
(6695, '27926', 0, 1),
(6696, '06672', 0, 1),
(6697, '78810', 0, 1),
(6698, '42173', 0, 1),
(6699, '72086', 0, 1),
(6700, '30509', 0, 1),
(6701, '38148', 0, 1),
(6702, '92365', 0, 1),
(6703, '19353', 0, 1),
(6704, '25952', 0, 1),
(6705, '73268', 0, 1),
(6706, '86987', 0, 1),
(6707, '33281', 0, 1),
(6708, '95490', 0, 1),
(6709, '73983', 0, 1),
(6710, '62726', 0, 1),
(6711, '19820', 0, 1),
(6712, '28271', 0, 1),
(6713, '20897', 0, 1),
(6714, '33246', 0, 1),
(6715, '50346', 0, 1),
(6716, '34070', 0, 1),
(6717, '64159', 0, 1),
(6718, '93045', 0, 1),
(6719, '65142', 0, 1),
(6720, '68549', 0, 1),
(6721, '17473', 0, 1),
(6722, '30522', 0, 1),
(6723, '21924', 0, 1),
(6724, '91778', 0, 1),
(6725, '97218', 0, 1),
(6726, '60151', 0, 1),
(6727, '64172', 0, 1),
(6728, '47717', 0, 1),
(6729, '39908', 0, 1),
(6730, '11455', 0, 1),
(6731, '11345', 0, 1),
(6732, '62523', 0, 1),
(6733, '00277', 0, 1),
(6734, '92225', 0, 1),
(6735, '05494', 0, 1),
(6736, '76934', 0, 1),
(6737, '42910', 0, 1),
(6738, '33007', 0, 1),
(6739, '36877', 0, 1),
(6740, '00384', 0, 1),
(6741, '38854', 0, 1),
(6742, '50037', 0, 1),
(6743, '86585', 0, 1),
(6744, '60309', 0, 1),
(6745, '53221', 0, 1),
(6746, '17517', 0, 1),
(6747, '39915', 0, 1),
(6748, '49181', 0, 1),
(6749, '16830', 0, 1),
(6750, '09777', 0, 1),
(6751, '31416', 0, 1),
(6752, '97267', 0, 1),
(6753, '51486', 0, 1),
(6754, '02682', 0, 1),
(6755, '88885', 0, 1),
(6756, '34680', 0, 1),
(6757, '98174', 0, 1),
(6758, '31701', 0, 1),
(6759, '72693', 0, 1),
(6760, '55047', 0, 1),
(6761, '75209', 0, 1),
(6762, '72039', 0, 1),
(6763, '45488', 0, 1),
(6764, '72359', 0, 1),
(6765, '26305', 0, 1),
(6766, '47862', 0, 1),
(6767, '53070', 0, 1),
(6768, '70846', 0, 1),
(6769, '76440', 0, 1),
(6770, '91918', 0, 1),
(6771, '59058', 0, 1),
(6772, '21191', 0, 1),
(6773, '75777', 0, 1),
(6774, '85791', 0, 1),
(6775, '90731', 0, 1),
(6776, '74562', 0, 1),
(6777, '83001', 0, 1),
(6778, '53147', 0, 1),
(6779, '30914', 0, 1),
(6780, '59541', 0, 1),
(6781, '72695', 0, 1),
(6782, '70473', 0, 1),
(6783, '39588', 0, 1),
(6784, '68415', 0, 1),
(6785, '23575', 0, 1),
(6786, '11335', 0, 1),
(6787, '61266', 0, 1),
(6788, '32476', 0, 1),
(6789, '65787', 0, 1),
(6790, '64866', 0, 1),
(6791, '40542', 0, 1),
(6792, '32527', 0, 1),
(6793, '81338', 0, 1),
(6794, '26809', 0, 1),
(6795, '74114', 0, 1),
(6796, '82845', 0, 1),
(6797, '65295', 0, 1),
(6798, '26619', 0, 1),
(6799, '53904', 0, 1),
(6800, '79474', 0, 1),
(6801, '83325', 0, 1),
(6802, '92713', 0, 1),
(6803, '71577', 0, 1),
(6804, '29900', 0, 1),
(6805, '97125', 0, 1),
(6806, '10422', 0, 1),
(6807, '22506', 0, 1),
(6808, '89149', 0, 1),
(6809, '34173', 0, 1),
(6810, '70623', 0, 1),
(6811, '40782', 0, 1),
(6812, '11272', 0, 1),
(6813, '75542', 0, 1),
(6814, '52313', 0, 1),
(6815, '47829', 0, 1),
(6816, '65847', 0, 1),
(6817, '98586', 0, 1),
(6818, '15999', 0, 1),
(6819, '88359', 0, 1),
(6820, '54845', 0, 1),
(6821, '24189', 0, 1),
(6822, '46129', 0, 1),
(6823, '15767', 0, 1),
(6824, '48939', 0, 1),
(6825, '94552', 0, 1),
(6826, '10285', 0, 1),
(6827, '91301', 0, 1),
(6828, '19243', 0, 1),
(6829, '95009', 0, 1),
(6830, '54915', 0, 1),
(6831, '66731', 0, 1),
(6832, '88615', 0, 1),
(6833, '15433', 0, 1),
(6834, '16097', 0, 1),
(6835, '58374', 0, 1),
(6836, '95557', 0, 1),
(6837, '15782', 0, 1),
(6838, '40020', 0, 1),
(6839, '39851', 0, 1),
(6840, '30059', 0, 1),
(6841, '83366', 0, 1),
(6842, '40493', 0, 1),
(6843, '78138', 0, 1),
(6844, '09860', 0, 1),
(6845, '96170', 0, 1),
(6846, '57265', 0, 1),
(6847, '66673', 0, 1),
(6848, '71106', 0, 1),
(6849, '10247', 0, 1),
(6850, '97618', 0, 1),
(6851, '17569', 0, 1),
(6852, '92750', 0, 1),
(6853, '46041', 0, 1),
(6854, '88759', 0, 1),
(6855, '26973', 0, 1),
(6856, '59024', 0, 1),
(6857, '61495', 0, 1),
(6858, '70657', 0, 1),
(6859, '59106', 0, 1),
(6860, '39046', 0, 1),
(6861, '98870', 0, 1),
(6862, '87307', 0, 1),
(6863, '83853', 0, 1),
(6864, '41331', 0, 1),
(6865, '27385', 0, 1),
(6866, '57857', 0, 1),
(6867, '99421', 0, 1),
(6868, '13593', 0, 1),
(6869, '31823', 0, 1),
(6870, '86019', 0, 1),
(6871, '28728', 0, 1),
(6872, '05497', 0, 1),
(6873, '14842', 0, 1),
(6874, '39930', 0, 1),
(6875, '40098', 0, 1),
(6876, '95501', 0, 1),
(6877, '26793', 0, 1),
(6878, '57438', 0, 1),
(6879, '59371', 0, 1),
(6880, '29222', 0, 1),
(6881, '20112', 0, 1),
(6882, '57927', 0, 1),
(6883, '80702', 0, 1),
(6884, '73658', 0, 1),
(6885, '18973', 0, 1),
(6886, '17638', 0, 1),
(6887, '10504', 0, 1),
(6888, '14363', 0, 1),
(6889, '71204', 0, 1),
(6890, '49591', 0, 1),
(6891, '09467', 0, 1),
(6892, '42992', 0, 1),
(6893, '85753', 0, 1),
(6894, '67801', 0, 1),
(6895, '50485', 0, 1),
(6896, '35054', 0, 1),
(6897, '14131', 0, 1),
(6898, '57450', 0, 1),
(6899, '76272', 0, 1),
(6900, '92177', 0, 1),
(6901, '26819', 0, 1),
(6902, '01919', 0, 1),
(6903, '10005', 0, 1),
(6904, '14030', 0, 1),
(6905, '11879', 0, 1),
(6906, '34921', 0, 1),
(6907, '56354', 0, 1),
(6908, '43398', 0, 1),
(6909, '64809', 0, 1),
(6910, '82916', 0, 1),
(6911, '71262', 0, 1),
(6912, '73864', 0, 1),
(6913, '50757', 0, 1),
(6914, '68905', 0, 1),
(6915, '55961', 0, 1),
(6916, '05874', 0, 1),
(6917, '79173', 0, 1),
(6918, '65815', 0, 1),
(6919, '87768', 0, 1),
(6920, '66313', 0, 1),
(6921, '19801', 0, 1),
(6922, '26869', 0, 1),
(6923, '39693', 0, 1),
(6924, '48519', 0, 1),
(6925, '61778', 0, 1),
(6926, '80687', 0, 1),
(6927, '86504', 0, 1),
(6928, '55482', 0, 1),
(6929, '22270', 0, 1),
(6930, '03191', 0, 1),
(6931, '69783', 0, 1),
(6932, '38191', 0, 1),
(6933, '67502', 0, 1),
(6934, '41501', 0, 1),
(6935, '15357', 0, 1),
(6936, '17969', 0, 1),
(6937, '14523', 0, 1),
(6938, '43100', 0, 1),
(6939, '02309', 0, 1),
(6940, '81556', 0, 1),
(6941, '53206', 0, 1),
(6942, '55691', 0, 1),
(6943, '05243', 0, 1),
(6944, '69017', 0, 1),
(6945, '95718', 0, 1),
(6946, '04116', 0, 1),
(6947, '03615', 0, 1),
(6948, '53271', 0, 1),
(6949, '36901', 0, 1),
(6950, '85949', 0, 1),
(6951, '18954', 0, 1),
(6952, '61755', 0, 1),
(6953, '89813', 0, 1),
(6954, '49311', 0, 1),
(6955, '39486', 0, 1),
(6956, '32099', 0, 1),
(6957, '16523', 0, 1),
(6958, '86775', 0, 1),
(6959, '21656', 0, 1),
(6960, '92918', 0, 1),
(6961, '14975', 0, 1),
(6962, '04010', 0, 1),
(6963, '90527', 0, 1),
(6964, '80742', 0, 1),
(6965, '18696', 0, 1),
(6966, '73653', 0, 1),
(6967, '78535', 0, 1),
(6968, '49549', 0, 1),
(6969, '26258', 0, 1),
(6970, '00675', 0, 1),
(6971, '32103', 0, 1),
(6972, '28290', 0, 1),
(6973, '00223', 0, 1),
(6974, '88373', 0, 1),
(6975, '93712', 0, 1),
(6976, '88157', 0, 1),
(6977, '66351', 0, 1),
(6978, '69533', 0, 1),
(6979, '71296', 0, 1),
(6980, '50182', 0, 1),
(6981, '92848', 0, 1),
(6982, '95394', 0, 1),
(6983, '77806', 0, 1),
(6984, '71064', 0, 1),
(6985, '82221', 0, 1),
(6986, '24584', 0, 1),
(6987, '30340', 0, 1),
(6988, '54646', 0, 1),
(6989, '78086', 0, 1),
(6990, '17256', 0, 1),
(6991, '84138', 0, 1),
(6992, '25387', 0, 1),
(6993, '23225', 0, 1),
(6994, '01969', 0, 1),
(6995, '44985', 0, 1),
(6996, '90476', 0, 1),
(6997, '82968', 0, 1),
(6998, '19449', 0, 1),
(6999, '40801', 0, 1),
(7000, '71820', 0, 1),
(7001, '90176', 0, 1),
(7002, '25469', 0, 1),
(7003, '43955', 0, 1),
(7004, '28493', 0, 1),
(7005, '10250', 0, 1),
(7006, '71856', 0, 1),
(7007, '30889', 0, 1),
(7008, '19483', 0, 1),
(7009, '83592', 0, 1),
(7010, '50191', 0, 1),
(7011, '80834', 0, 1),
(7012, '31648', 0, 1),
(7013, '50495', 0, 1),
(7014, '39139', 0, 1),
(7015, '34253', 0, 1),
(7016, '49241', 0, 1),
(7017, '45416', 0, 1),
(7018, '62477', 0, 1),
(7019, '05451', 0, 1),
(7020, '93940', 0, 1),
(7021, '16173', 0, 1),
(7022, '20594', 0, 1),
(7023, '42669', 0, 1),
(7024, '22459', 0, 1),
(7025, '50670', 0, 1),
(7026, '74839', 0, 1),
(7027, '09197', 0, 1),
(7028, '30384', 0, 1),
(7029, '52407', 0, 1),
(7030, '12822', 0, 1),
(7031, '54832', 0, 1),
(7032, '76602', 0, 1),
(7033, '52925', 0, 1),
(7034, '04789', 0, 1),
(7035, '49863', 0, 1),
(7036, '70901', 0, 1),
(7037, '84663', 0, 1),
(7038, '90557', 0, 1),
(7039, '72167', 0, 1),
(7040, '31243', 0, 1),
(7041, '23858', 0, 1),
(7042, '34598', 0, 1),
(7043, '90055', 0, 1),
(7044, '48270', 0, 1),
(7045, '62604', 0, 1),
(7046, '18230', 0, 1),
(7047, '09611', 0, 1),
(7048, '38404', 0, 1),
(7049, '18545', 0, 1),
(7050, '07506', 0, 1),
(7051, '08259', 0, 1),
(7052, '10701', 0, 1),
(7053, '31808', 0, 1),
(7054, '46569', 0, 1),
(7055, '50989', 0, 1),
(7056, '24105', 0, 1),
(7057, '36530', 0, 1),
(7058, '77396', 0, 1),
(7059, '60859', 0, 1),
(7060, '14226', 0, 1),
(7061, '32076', 0, 1),
(7062, '68686', 0, 1),
(7063, '60932', 0, 1),
(7064, '22601', 0, 1),
(7065, '77762', 0, 1),
(7066, '75708', 0, 1),
(7067, '23524', 0, 1),
(7068, '06651', 0, 1),
(7069, '74901', 0, 1),
(7070, '88757', 0, 1),
(7071, '42328', 0, 1),
(7072, '93572', 0, 1),
(7073, '00828', 0, 1),
(7074, '94646', 0, 1),
(7075, '63905', 0, 1),
(7076, '44064', 0, 1),
(7077, '19587', 0, 1),
(7078, '48236', 0, 1),
(7079, '91212', 0, 1),
(7080, '48257', 0, 1),
(7081, '29496', 0, 1),
(7082, '81291', 0, 1),
(7083, '96350', 0, 1),
(7084, '18773', 0, 1),
(7085, '82817', 0, 1),
(7086, '85330', 0, 1),
(7087, '57257', 0, 1),
(7088, '47073', 0, 1),
(7089, '56145', 0, 1),
(7090, '29623', 0, 1),
(7091, '28132', 0, 1),
(7092, '84740', 0, 1),
(7093, '41828', 0, 1),
(7094, '32676', 0, 1),
(7095, '97878', 0, 1),
(7096, '73518', 0, 1),
(7097, '45583', 0, 1),
(7098, '64677', 0, 1),
(7099, '64450', 0, 1),
(7100, '82471', 0, 1),
(7101, '90384', 0, 1),
(7102, '22889', 0, 1),
(7103, '36358', 0, 1),
(7104, '99075', 0, 1),
(7105, '60532', 0, 1),
(7106, '59557', 0, 1),
(7107, '91331', 0, 1),
(7108, '08582', 0, 1),
(7109, '92574', 0, 1),
(7110, '52898', 0, 1),
(7111, '12120', 0, 1),
(7112, '80689', 0, 1),
(7113, '16831', 0, 1),
(7114, '28628', 0, 1),
(7115, '42041', 0, 1),
(7116, '78733', 0, 1),
(7117, '06277', 0, 1),
(7118, '68458', 0, 1),
(7119, '82463', 0, 1),
(7120, '05470', 0, 1),
(7121, '30348', 0, 1),
(7122, '94142', 0, 1),
(7123, '74999', 0, 1),
(7124, '11580', 0, 1),
(7125, '10281', 0, 1),
(7126, '39086', 0, 1),
(7127, '02149', 0, 1),
(7128, '93800', 0, 1),
(7129, '75109', 0, 1),
(7130, '83474', 0, 1),
(7131, '98931', 0, 1),
(7132, '00337', 0, 1),
(7133, '07704', 0, 1),
(7134, '34262', 0, 1),
(7135, '83446', 0, 1),
(7136, '59294', 0, 1),
(7137, '36125', 0, 1),
(7138, '69874', 0, 1),
(7139, '68464', 0, 1),
(7140, '73853', 0, 1),
(7141, '17791', 0, 1),
(7142, '57598', 0, 1),
(7143, '72396', 0, 1),
(7144, '68170', 0, 1),
(7145, '30110', 0, 1),
(7146, '63564', 0, 1),
(7147, '08919', 0, 1),
(7148, '27343', 0, 1),
(7149, '29020', 0, 1),
(7150, '43878', 0, 1),
(7151, '79816', 0, 1),
(7152, '60164', 0, 1),
(7153, '37447', 0, 1),
(7154, '28024', 0, 1),
(7155, '33171', 0, 1),
(7156, '50259', 0, 1),
(7157, '96223', 0, 1),
(7158, '93178', 0, 1),
(7159, '32511', 0, 1),
(7160, '90304', 0, 1),
(7161, '96533', 0, 1),
(7162, '64897', 0, 1),
(7163, '46932', 0, 1),
(7164, '35081', 0, 1),
(7165, '16802', 0, 1),
(7166, '18065', 0, 1),
(7167, '62595', 0, 1),
(7168, '63627', 0, 1),
(7169, '39903', 0, 1),
(7170, '48406', 0, 1),
(7171, '37113', 0, 1),
(7172, '94213', 0, 1),
(7173, '94655', 0, 1),
(7174, '47751', 0, 1),
(7175, '37565', 0, 1),
(7176, '29271', 0, 1),
(7177, '15118', 0, 1),
(7178, '78682', 0, 1),
(7179, '84867', 0, 1),
(7180, '67173', 0, 1),
(7181, '04921', 0, 1),
(7182, '14660', 0, 1),
(7183, '20901', 0, 1),
(7184, '53387', 0, 1),
(7185, '72378', 0, 1),
(7186, '48779', 0, 1),
(7187, '11642', 0, 1),
(7188, '85075', 0, 1),
(7189, '76447', 0, 1),
(7190, '18309', 0, 1),
(7191, '65793', 0, 1),
(7192, '23601', 0, 1),
(7193, '90326', 0, 1),
(7194, '02854', 0, 1),
(7195, '85713', 0, 1),
(7196, '21750', 0, 1),
(7197, '53814', 0, 1),
(7198, '82384', 0, 1),
(7199, '07781', 0, 1),
(7200, '57310', 0, 1),
(7201, '43078', 0, 1),
(7202, '07605', 0, 1),
(7203, '47174', 0, 1),
(7204, '50039', 0, 1),
(7205, '42326', 0, 1),
(7206, '00311', 0, 1),
(7207, '59699', 0, 1),
(7208, '62934', 0, 1),
(7209, '20068', 0, 1),
(7210, '33653', 0, 1),
(7211, '12995', 0, 1),
(7212, '16587', 0, 1),
(7213, '57760', 0, 1),
(7214, '42837', 0, 1),
(7215, '53572', 0, 1),
(7216, '20997', 0, 1),
(7217, '61496', 0, 1),
(7218, '34387', 0, 1),
(7219, '08327', 0, 1),
(7220, '17629', 0, 1),
(7221, '19531', 0, 1),
(7222, '75434', 0, 1),
(7223, '59511', 0, 1),
(7224, '77013', 0, 1),
(7225, '47351', 0, 1),
(7226, '30549', 0, 1),
(7227, '44161', 0, 1),
(7228, '36985', 0, 1),
(7229, '60272', 0, 1),
(7230, '30338', 0, 1),
(7231, '66685', 0, 1),
(7232, '79455', 0, 1),
(7233, '53731', 0, 1),
(7234, '03204', 0, 1),
(7235, '13234', 0, 1),
(7236, '08541', 0, 1),
(7237, '71590', 0, 1),
(7238, '69790', 0, 1),
(7239, '51625', 0, 1),
(7240, '17691', 0, 1),
(7241, '86220', 0, 1),
(7242, '29384', 0, 1),
(7243, '89297', 0, 1),
(7244, '35005', 0, 1),
(7245, '58961', 0, 1),
(7246, '24150', 0, 1),
(7247, '17544', 0, 1),
(7248, '99478', 0, 1),
(7249, '61940', 0, 1),
(7250, '51511', 0, 1),
(7251, '47268', 0, 1),
(7252, '30230', 0, 1),
(7253, '65175', 0, 1),
(7254, '79217', 0, 1),
(7255, '37720', 0, 1),
(7256, '46664', 0, 1),
(7257, '21968', 0, 1),
(7258, '25410', 0, 1),
(7259, '53454', 0, 1),
(7260, '84373', 0, 1),
(7261, '76735', 0, 1),
(7262, '93818', 0, 1),
(7263, '98764', 0, 1),
(7264, '14411', 0, 1),
(7265, '77707', 0, 1),
(7266, '36059', 0, 1),
(7267, '76126', 0, 1),
(7268, '72835', 0, 1),
(7269, '42610', 0, 1),
(7270, '28455', 0, 1),
(7271, '80088', 0, 1),
(7272, '13587', 0, 1),
(7273, '04294', 0, 1),
(7274, '24586', 0, 1),
(7275, '99060', 0, 1),
(7276, '29748', 0, 1),
(7277, '69911', 0, 1),
(7278, '01785', 0, 1),
(7279, '89463', 0, 1),
(7280, '43982', 0, 1),
(7281, '37119', 0, 1),
(7282, '40749', 0, 1),
(7283, '69586', 0, 1),
(7284, '70286', 0, 1),
(7285, '11712', 0, 1),
(7286, '76701', 0, 1),
(7287, '83869', 0, 1),
(7288, '73822', 0, 1),
(7289, '33182', 0, 1),
(7290, '29853', 0, 1),
(7291, '72514', 0, 1),
(7292, '25633', 0, 1),
(7293, '03625', 0, 1),
(7294, '63001', 0, 1),
(7295, '00642', 0, 1),
(7296, '21195', 0, 1),
(7297, '94818', 0, 1),
(7298, '52622', 0, 1),
(7299, '66779', 0, 1),
(7300, '21310', 0, 1),
(7301, '63100', 0, 1),
(7302, '78701', 0, 1),
(7303, '09624', 0, 1),
(7304, '60547', 0, 1),
(7305, '75678', 0, 1),
(7306, '68501', 0, 1),
(7307, '69536', 0, 1),
(7308, '79362', 0, 1),
(7309, '62679', 0, 1),
(7310, '96377', 0, 1),
(7311, '55279', 0, 1),
(7312, '80435', 0, 1),
(7313, '92725', 0, 1),
(7314, '96187', 0, 1),
(7315, '10677', 0, 1),
(7316, '76627', 0, 1),
(7317, '06475', 0, 1),
(7318, '17742', 0, 1),
(7319, '45850', 0, 1),
(7320, '88878', 0, 1),
(7321, '32903', 0, 1),
(7322, '24254', 0, 1),
(7323, '09032', 0, 1),
(7324, '53968', 0, 1),
(7325, '41625', 0, 1),
(7326, '28607', 0, 1),
(7327, '85765', 0, 1),
(7328, '86001', 0, 1),
(7329, '96110', 0, 1),
(7330, '11301', 0, 1),
(7331, '25180', 0, 1),
(7332, '99331', 0, 1),
(7333, '57210', 0, 1),
(7334, '29259', 0, 1),
(7335, '17930', 0, 1),
(7336, '21727', 0, 1),
(7337, '08487', 0, 1),
(7338, '85374', 0, 1),
(7339, '97708', 0, 1),
(7340, '72640', 0, 1),
(7341, '08089', 0, 1),
(7342, '42087', 0, 1),
(7343, '44626', 0, 1),
(7344, '44381', 0, 1),
(7345, '27832', 0, 1),
(7346, '88758', 0, 1),
(7347, '93846', 0, 1),
(7348, '26386', 0, 1),
(7349, '85879', 0, 1),
(7350, '66266', 0, 1),
(7351, '02210', 0, 1),
(7352, '46442', 0, 1),
(7353, '47196', 0, 1),
(7354, '72543', 0, 1),
(7355, '73424', 0, 1),
(7356, '88728', 0, 1),
(7357, '51290', 0, 1),
(7358, '24595', 0, 1),
(7359, '01851', 0, 1),
(7360, '98425', 0, 1),
(7361, '01846', 0, 1),
(7362, '66669', 0, 1),
(7363, '36394', 0, 1),
(7364, '23030', 0, 1),
(7365, '41984', 0, 1),
(7366, '17579', 0, 1),
(7367, '17229', 0, 1),
(7368, '77652', 0, 1),
(7369, '78990', 0, 1),
(7370, '99978', 0, 1),
(7371, '51033', 0, 1),
(7372, '92694', 0, 1),
(7373, '18213', 0, 1),
(7374, '61181', 0, 1),
(7375, '06037', 0, 1),
(7376, '35757', 0, 1),
(7377, '61808', 0, 1),
(7378, '70810', 0, 1),
(7379, '66499', 0, 1),
(7380, '56754', 0, 1),
(7381, '82772', 0, 1),
(7382, '00695', 0, 1),
(7383, '71374', 0, 1),
(7384, '36938', 0, 1),
(7385, '09963', 0, 1),
(7386, '51933', 0, 1),
(7387, '02730', 0, 1),
(7388, '59651', 0, 1),
(7389, '55342', 0, 1),
(7390, '88503', 0, 1),
(7391, '11521', 0, 1),
(7392, '38180', 0, 1),
(7393, '07963', 0, 1),
(7394, '42920', 0, 1),
(7395, '29821', 0, 1),
(7396, '04773', 0, 1),
(7397, '08157', 0, 1),
(7398, '22198', 0, 1),
(7399, '92658', 0, 1),
(7400, '97141', 0, 1),
(7401, '35630', 0, 1),
(7402, '03480', 0, 1),
(7403, '48352', 0, 1),
(7404, '03501', 0, 1),
(7405, '74424', 0, 1),
(7406, '05497', 0, 1),
(7407, '65432', 0, 1),
(7408, '58861', 0, 1),
(7409, '55688', 0, 1),
(7410, '15857', 0, 1),
(7411, '96382', 0, 1),
(7412, '85779', 0, 1),
(7413, '16876', 0, 1),
(7414, '52203', 0, 1),
(7415, '35836', 0, 1),
(7416, '25974', 0, 1),
(7417, '54078', 0, 1),
(7418, '93684', 0, 1),
(7419, '44663', 0, 1),
(7420, '48125', 0, 1),
(7421, '32617', 0, 1),
(7422, '05758', 0, 1),
(7423, '78618', 0, 1),
(7424, '77027', 0, 1),
(7425, '31827', 0, 1),
(7426, '07542', 0, 1),
(7427, '69052', 0, 1),
(7428, '18719', 0, 1),
(7429, '95061', 0, 1),
(7430, '10381', 0, 1),
(7431, '62744', 0, 1),
(7432, '07630', 0, 1),
(7433, '61015', 0, 1),
(7434, '74403', 0, 1),
(7435, '02691', 0, 1),
(7436, '00694', 0, 1),
(7437, '41545', 0, 1),
(7438, '56265', 0, 1),
(7439, '25591', 0, 1),
(7440, '09109', 0, 1),
(7441, '14258', 0, 1),
(7442, '99796', 0, 1),
(7443, '06798', 0, 1),
(7444, '58329', 0, 1),
(7445, '32908', 0, 1),
(7446, '38790', 0, 1),
(7447, '55863', 0, 1),
(7448, '63625', 0, 1),
(7449, '70663', 0, 1),
(7450, '26541', 0, 1),
(7451, '36216', 0, 1),
(7452, '45434', 0, 1),
(7453, '68429', 0, 1),
(7454, '00163', 0, 1),
(7455, '66259', 0, 1),
(7456, '33670', 0, 1),
(7457, '50868', 0, 1),
(7458, '06519', 0, 1),
(7459, '15470', 0, 1),
(7460, '16675', 0, 1),
(7461, '39440', 0, 1),
(7462, '75584', 0, 1),
(7463, '48667', 0, 1),
(7464, '74295', 0, 1),
(7465, '57234', 0, 1),
(7466, '35136', 0, 1),
(7467, '36240', 0, 1),
(7468, '95370', 0, 1),
(7469, '72851', 0, 1),
(7470, '40942', 0, 1),
(7471, '93177', 0, 1),
(7472, '62877', 0, 1),
(7473, '32254', 0, 1),
(7474, '96398', 0, 1),
(7475, '21546', 0, 1),
(7476, '06984', 0, 1),
(7477, '68190', 0, 1),
(7478, '36235', 0, 1),
(7479, '42556', 0, 1),
(7480, '52665', 0, 1),
(7481, '25240', 0, 1),
(7482, '12820', 0, 1),
(7483, '34828', 0, 1),
(7484, '56747', 0, 1),
(7485, '00550', 0, 1),
(7486, '62521', 0, 1),
(7487, '19726', 0, 1),
(7488, '27704', 0, 1),
(7489, '64708', 0, 1),
(7490, '32032', 0, 1),
(7491, '76080', 0, 1),
(7492, '55143', 0, 1),
(7493, '76177', 0, 1),
(7494, '45244', 0, 1),
(7495, '40202', 0, 1),
(7496, '94226', 0, 1),
(7497, '27329', 0, 1),
(7498, '46252', 0, 1),
(7499, '05010', 0, 1),
(7500, '31260', 0, 1),
(7501, '56257', 0, 1),
(7502, '89759', 0, 1),
(7503, '53729', 0, 1),
(7504, '27899', 0, 1),
(7505, '27975', 0, 1),
(7506, '38507', 0, 1),
(7507, '17537', 0, 1),
(7508, '02687', 0, 1),
(7509, '78853', 0, 1),
(7510, '01546', 0, 1),
(7511, '49686', 0, 1),
(7512, '72049', 0, 1),
(7513, '24847', 0, 1),
(7514, '00868', 0, 1),
(7515, '03313', 0, 1),
(7516, '19385', 0, 1),
(7517, '76986', 0, 1),
(7518, '95992', 0, 1),
(7519, '20096', 0, 1),
(7520, '80114', 0, 1),
(7521, '66907', 0, 1),
(7522, '45135', 0, 1),
(7523, '70209', 0, 1),
(7524, '01234', 0, 1),
(7525, '87847', 0, 1),
(7526, '42230', 0, 1),
(7527, '37519', 0, 1),
(7528, '14808', 0, 1),
(7529, '92525', 0, 1),
(7530, '48332', 0, 1),
(7531, '13829', 0, 1),
(7532, '63831', 0, 1),
(7533, '20863', 0, 1),
(7534, '23337', 0, 1),
(7535, '27123', 0, 1),
(7536, '23227', 0, 1),
(7537, '95772', 0, 1),
(7538, '83187', 0, 1),
(7539, '17687', 0, 1),
(7540, '62955', 0, 1),
(7541, '86532', 0, 1),
(7542, '85395', 0, 1),
(7543, '19221', 0, 1),
(7544, '92195', 0, 1),
(7545, '55701', 0, 1),
(7546, '21771', 0, 1),
(7547, '36308', 0, 1),
(7548, '21992', 0, 1),
(7549, '40541', 0, 1),
(7550, '43169', 0, 1),
(7551, '14122', 0, 1),
(7552, '72984', 0, 1),
(7553, '98000', 0, 1),
(7554, '92813', 0, 1),
(7555, '20057', 0, 1),
(7556, '15709', 0, 1),
(7557, '08603', 0, 1),
(7558, '64019', 0, 1),
(7559, '03390', 0, 1),
(7560, '02721', 0, 1),
(7561, '80581', 0, 1),
(7562, '39197', 0, 1),
(7563, '56871', 0, 1),
(7564, '36456', 0, 1),
(7565, '17175', 0, 1),
(7566, '85638', 0, 1),
(7567, '96189', 0, 1),
(7568, '38291', 0, 1),
(7569, '30556', 0, 1),
(7570, '46915', 0, 1),
(7571, '73080', 0, 1),
(7572, '24246', 0, 1),
(7573, '57763', 0, 1),
(7574, '44566', 0, 1),
(7575, '04621', 0, 1),
(7576, '88847', 0, 1),
(7577, '69088', 0, 1),
(7578, '39523', 0, 1),
(7579, '26861', 0, 1),
(7580, '93102', 0, 1),
(7581, '67973', 0, 1),
(7582, '83214', 0, 1),
(7583, '91298', 0, 1),
(7584, '05801', 0, 1),
(7585, '13621', 0, 1),
(7586, '82482', 0, 1),
(7587, '45590', 0, 1),
(7588, '22502', 0, 1),
(7589, '85623', 0, 1),
(7590, '44172', 0, 1),
(7591, '03124', 0, 1),
(7592, '72022', 0, 1),
(7593, '98212', 0, 1),
(7594, '10015', 0, 1),
(7595, '80775', 0, 1),
(7596, '63577', 0, 1),
(7597, '33473', 0, 1),
(7598, '53370', 0, 1),
(7599, '39598', 0, 1),
(7600, '25875', 0, 1),
(7601, '52528', 0, 1),
(7602, '98472', 0, 1),
(7603, '32984', 0, 1),
(7604, '72066', 0, 1),
(7605, '71168', 0, 1),
(7606, '70316', 0, 1),
(7607, '25899', 0, 1),
(7608, '73680', 0, 1),
(7609, '08921', 0, 1),
(7610, '54457', 0, 1),
(7611, '98662', 0, 1),
(7612, '04842', 0, 1),
(7613, '10543', 0, 1),
(7614, '90075', 0, 1),
(7615, '73623', 0, 1),
(7616, '70271', 0, 1),
(7617, '97668', 0, 1),
(7618, '32616', 0, 1),
(7619, '79205', 0, 1),
(7620, '30414', 0, 1),
(7621, '20838', 0, 1),
(7622, '30142', 0, 1),
(7623, '00694', 0, 1),
(7624, '74789', 0, 1),
(7625, '06399', 0, 1),
(7626, '55753', 0, 1),
(7627, '13413', 0, 1),
(7628, '95352', 0, 1),
(7629, '86536', 0, 1),
(7630, '31051', 0, 1),
(7631, '56941', 0, 1),
(7632, '43473', 0, 1),
(7633, '13994', 0, 1),
(7634, '13320', 0, 1),
(7635, '20199', 0, 1),
(7636, '20399', 0, 1),
(7637, '00358', 0, 1),
(7638, '52045', 0, 1),
(7639, '07785', 0, 1),
(7640, '65290', 0, 1),
(7641, '25390', 0, 1),
(7642, '85845', 0, 1),
(7643, '29478', 0, 1),
(7644, '66574', 0, 1),
(7645, '08978', 0, 1),
(7646, '52935', 0, 1),
(7647, '86635', 0, 1),
(7648, '22948', 0, 1),
(7649, '37045', 0, 1),
(7650, '23681', 0, 1),
(7651, '41660', 0, 1),
(7652, '68176', 0, 1),
(7653, '71955', 0, 1),
(7654, '34128', 0, 1),
(7655, '47060', 0, 1),
(7656, '53279', 0, 1),
(7657, '66216', 0, 1),
(7658, '77141', 0, 1),
(7659, '54370', 0, 1),
(7660, '04966', 0, 1),
(7661, '73192', 0, 1),
(7662, '35740', 0, 1),
(7663, '30210', 0, 1),
(7664, '76068', 0, 1),
(7665, '68544', 0, 1),
(7666, '48292', 0, 1),
(7667, '92039', 0, 1),
(7668, '19237', 0, 1),
(7669, '89645', 0, 1),
(7670, '37398', 0, 1),
(7671, '81924', 0, 1),
(7672, '37158', 0, 1),
(7673, '73863', 0, 1),
(7674, '11724', 0, 1),
(7675, '41075', 0, 1),
(7676, '03564', 0, 1),
(7677, '79425', 0, 1),
(7678, '90855', 0, 1),
(7679, '76659', 0, 1),
(7680, '33042', 0, 1),
(7681, '09368', 0, 1),
(7682, '48290', 0, 1),
(7683, '93334', 0, 1),
(7684, '84208', 0, 1),
(7685, '80844', 0, 1),
(7686, '60076', 0, 1),
(7687, '41651', 0, 1),
(7688, '09177', 0, 1),
(7689, '22688', 0, 1),
(7690, '01052', 0, 1),
(7691, '76006', 0, 1),
(7692, '20323', 0, 1),
(7693, '79724', 0, 1),
(7694, '84912', 0, 1),
(7695, '83510', 0, 1),
(7696, '72506', 0, 1),
(7697, '16861', 0, 1),
(7698, '89372', 0, 1),
(7699, '99424', 0, 1),
(7700, '79312', 0, 1),
(7701, '38251', 0, 1),
(7702, '78468', 0, 1),
(7703, '75675', 0, 1),
(7704, '64177', 0, 1),
(7705, '24394', 0, 1),
(7706, '24096', 0, 1),
(7707, '51267', 0, 1),
(7708, '19912', 0, 1),
(7709, '70045', 0, 1),
(7710, '15999', 0, 1),
(7711, '79596', 0, 1),
(7712, '25976', 0, 1),
(7713, '22998', 0, 1),
(7714, '08821', 0, 1),
(7715, '67620', 0, 1),
(7716, '33023', 0, 1),
(7717, '83343', 0, 1),
(7718, '61750', 0, 1),
(7719, '80793', 0, 1),
(7720, '58973', 0, 1),
(7721, '09485', 0, 1),
(7722, '86194', 0, 1),
(7723, '24878', 0, 1),
(7724, '04267', 0, 1),
(7725, '66004', 0, 1),
(7726, '74051', 0, 1),
(7727, '06264', 0, 1),
(7728, '21478', 0, 1),
(7729, '55704', 0, 1),
(7730, '12642', 0, 1),
(7731, '18895', 0, 1),
(7732, '25316', 0, 1),
(7733, '52633', 0, 1),
(7734, '85467', 0, 1),
(7735, '37633', 0, 1),
(7736, '44389', 0, 1),
(7737, '85314', 0, 1),
(7738, '79746', 0, 1),
(7739, '50634', 0, 1),
(7740, '22465', 0, 1),
(7741, '08288', 0, 1),
(7742, '61322', 0, 1),
(7743, '38659', 0, 1),
(7744, '06280', 0, 1),
(7745, '88607', 0, 1),
(7746, '80827', 0, 1),
(7747, '34729', 0, 1),
(7748, '91591', 0, 1),
(7749, '99747', 0, 1),
(7750, '51068', 0, 1),
(7751, '64530', 0, 1),
(7752, '95630', 0, 1),
(7753, '67499', 0, 1),
(7754, '57009', 0, 1),
(7755, '89862', 0, 1),
(7756, '05161', 0, 1),
(7757, '65357', 0, 1),
(7758, '17548', 0, 1),
(7759, '71853', 0, 1),
(7760, '59056', 0, 1),
(7761, '46723', 0, 1),
(7762, '38033', 0, 1),
(7763, '19890', 0, 1),
(7764, '39809', 0, 1),
(7765, '72321', 0, 1),
(7766, '08338', 0, 1),
(7767, '26712', 0, 1),
(7768, '83294', 0, 1),
(7769, '14815', 0, 1),
(7770, '17866', 0, 1),
(7771, '99590', 0, 1),
(7772, '93553', 0, 1),
(7773, '33376', 0, 1),
(7774, '89715', 0, 1),
(7775, '46030', 0, 1),
(7776, '94770', 0, 1),
(7777, '49497', 0, 1),
(7778, '77698', 0, 1),
(7779, '66063', 0, 1),
(7780, '82105', 0, 1),
(7781, '53309', 0, 1),
(7782, '37032', 0, 1),
(7783, '54148', 0, 1),
(7784, '83201', 0, 1),
(7785, '19129', 0, 1),
(7786, '42506', 0, 1),
(7787, '92938', 0, 1),
(7788, '34399', 1, 1),
(7789, '54723', 1, 1),
(7790, '46923', 1, 1),
(7791, '40315', 1, 1),
(7792, '73430', 1, 1),
(7793, '50783', 1, 1),
(7794, '25031', 1, 1),
(7795, '31480', 1, 1),
(7796, '30790', 1, 1),
(7797, '76644', 1, 1),
(7798, '95002', 1, 1),
(7799, '36560', 1, 1),
(7800, '72787', 1, 1),
(7801, '14400', 1, 1),
(7802, '89221', 1, 1),
(7803, '55682', 0, 1),
(7804, '86614', 1, 1),
(7805, '76491', 1, 1),
(7806, '44784', 1, 1),
(7807, '94283', 1, 1),
(7808, '92374', 1, 1),
(7809, '11986', 1, 1),
(7810, '59646', 1, 1),
(7811, '65131', 1, 1),
(7812, '00326', 1, 1),
(7813, '59628', 1, 1),
(7814, '09135', 1, 1),
(7815, '71122', 1, 1),
(7816, '50348', 1, 1),
(7817, '31166', 1, 1),
(7818, '09153', 1, 1),
(7819, '73478', 1, 1),
(7820, '85854', 1, 1),
(7821, '40388', 1, 1),
(7822, '64053', 1, 1),
(7823, '91011', 1, 1),
(7824, '25168', 1, 1),
(7825, '14546', 1, 1),
(7826, '68917', 1, 1),
(7827, '94070', 1, 1),
(7828, '62106', 1, 1),
(7829, '30996', 0, 1),
(7830, '67546', 1, 1),
(7831, '56441', 1, 1),
(7832, '54594', 1, 1),
(7833, '42670', 1, 1),
(7834, '75329', 1, 1),
(7835, '87597', 1, 1),
(7836, '07337', 1, 1),
(7837, '57918', 1, 1),
(7838, '82377', 1, 1),
(7839, '89230', 1, 1),
(7840, '07410', 1, 1),
(7841, '74983', 1, 1),
(7842, '46541', 1, 1),
(7843, '91356', 1, 1),
(7844, '65474', 1, 1),
(7845, '76707', 1, 1),
(7846, '52366', 1, 1),
(7847, '62031', 1, 1),
(7848, '67228', 1, 1),
(7849, '51427', 1, 1),
(7850, '99300', 1, 1),
(7851, '92435', 1, 1),
(7852, '31922', 1, 1),
(7853, '02573', 1, 1),
(7854, '29886', 1, 1),
(7855, '14042', 1, 1),
(7856, '64501', 1, 1),
(7857, '05495', 1, 1),
(7858, '24235', 1, 1),
(7859, '02483', 1, 1),
(7860, '56095', 1, 1),
(7861, '94782', 1, 1),
(7862, '10000', 1, 1),
(7863, '44578', 1, 1),
(7864, '50050', 0, 1),
(7865, '79978', 0, 1),
(7866, '37085', 0, 1),
(7867, '28107', 0, 1),
(7868, '11795', 0, 1),
(7869, '05174', 0, 1),
(7870, '39075', 0, 1),
(7871, '30773', 0, 1),
(7872, '22200', 0, 1),
(7873, '10547', 0, 1),
(7874, '92815', 0, 1),
(7875, '09238', 0, 1),
(7876, '27559', 0, 1),
(7877, '87462', 0, 1),
(7878, '32960', 0, 1),
(7879, '59471', 0, 1),
(7880, '48078', 0, 1),
(7881, '02883', 0, 1),
(7882, '95298', 0, 1),
(7883, '28083', 0, 1),
(7884, '75966', 0, 1),
(7885, '74071', 0, 1),
(7886, '48512', 0, 1),
(7887, '15532', 0, 1),
(7888, '49414', 0, 1),
(7889, '18756', 0, 1),
(7890, '60669', 0, 1),
(7891, '62205', 0, 1),
(7892, '03369', 0, 1),
(7893, '40360', 0, 1),
(7894, '47314', 0, 1),
(7895, '95301', 0, 1),
(7896, '52432', 0, 1),
(7897, '81384', 0, 1),
(7898, '02700', 0, 1),
(7899, '63465', 0, 1),
(7900, '20829', 0, 1),
(7901, '01181', 0, 1),
(7902, '64653', 0, 1),
(7903, '25371', 0, 1),
(7904, '98939', 0, 1),
(7905, '82913', 0, 1),
(7906, '36814', 0, 1),
(7907, '97776', 0, 1),
(7908, '32090', 0, 1),
(7909, '19938', 0, 1),
(7910, '17756', 0, 1),
(7911, '71356', 0, 1),
(7912, '31774', 0, 1),
(7913, '30445', 0, 1),
(7914, '23102', 0, 1),
(7915, '37402', 0, 1),
(7916, '29927', 0, 1),
(7917, '47326', 0, 1),
(7918, '78737', 0, 1),
(7919, '47806', 0, 1),
(7920, '05859', 0, 1),
(7921, '03362', 0, 1),
(7922, '53553', 0, 1),
(7923, '70602', 0, 1),
(7924, '77688', 0, 1),
(7925, '31515', 0, 1),
(7926, '35779', 0, 1),
(7927, '96887', 0, 1),
(7928, '40265', 0, 1),
(7929, '70359', 0, 1),
(7930, '45346', 0, 1),
(7931, '60598', 0, 1),
(7932, '91204', 0, 1),
(7933, '30564', 0, 1),
(7934, '66767', 0, 1),
(7935, '57074', 0, 1),
(7936, '71067', 0, 1),
(7937, '74963', 0, 1),
(7938, '53526', 0, 1),
(7939, '75659', 0, 1),
(7940, '79203', 0, 1),
(7941, '11239', 0, 1),
(7942, '32380', 0, 1),
(7943, '21010', 0, 1),
(7944, '09908', 0, 1),
(7945, '87627', 0, 1),
(7946, '64826', 0, 1),
(7947, '94198', 0, 1),
(7948, '74088', 0, 1),
(7949, '73235', 0, 1),
(7950, '79055', 0, 1),
(7951, '40532', 0, 1),
(7952, '74528', 0, 1),
(7953, '12285', 0, 1),
(7954, '07429', 0, 1),
(7955, '38263', 0, 1),
(7956, '90924', 0, 1),
(7957, '73964', 0, 1),
(7958, '61376', 0, 1),
(7959, '21352', 0, 1),
(7960, '64902', 0, 1),
(7961, '18751', 0, 1),
(7962, '53972', 0, 1),
(7963, '34793', 0, 1),
(7964, '72638', 0, 1),
(7965, '77189', 0, 1),
(7966, '72734', 0, 1),
(7967, '34184', 0, 1),
(7968, '77722', 0, 1),
(7969, '20680', 0, 1),
(7970, '63377', 0, 1),
(7971, '38257', 0, 1),
(7972, '08800', 0, 1),
(7973, '60729', 0, 1),
(7974, '76265', 0, 1),
(7975, '27846', 0, 1),
(7976, '27795', 0, 1),
(7977, '03853', 0, 1),
(7978, '59777', 0, 1),
(7979, '77534', 0, 1),
(7980, '37679', 0, 1),
(7981, '97692', 0, 1),
(7982, '45893', 0, 1),
(7983, '08007', 0, 1),
(7984, '41250', 0, 1),
(7985, '59792', 0, 1),
(7986, '42736', 0, 1),
(7987, '31410', 0, 1),
(7988, '95090', 0, 1),
(7989, '59011', 0, 1),
(7990, '93154', 0, 1),
(7991, '39936', 0, 1),
(7992, '13125', 0, 1),
(7993, '15138', 0, 1),
(7994, '41588', 0, 1),
(7995, '48203', 0, 1),
(7996, '96940', 0, 1),
(7997, '95436', 0, 1),
(7998, '55334', 0, 1),
(7999, '78245', 0, 1),
(8000, '11416', 0, 1),
(8001, '12731', 0, 1),
(8002, '13138', 0, 1),
(8003, '65963', 0, 1),
(8004, '56312', 0, 1),
(8005, '63309', 0, 1),
(8006, '18662', 0, 1),
(8007, '15705', 0, 1),
(8008, '35960', 0, 1),
(8009, '84388', 0, 1),
(8010, '13807', 0, 1),
(8011, '32514', 0, 1),
(8012, '14587', 0, 1),
(8013, '06208', 0, 1),
(8014, '66111', 0, 1),
(8015, '86327', 0, 1),
(8016, '88346', 0, 1),
(8017, '74444', 0, 1),
(8018, '80685', 0, 1),
(8019, '14769', 0, 1),
(8020, '23404', 0, 1),
(8021, '44198', 0, 1),
(8022, '26375', 0, 1),
(8023, '18810', 0, 1),
(8024, '93864', 0, 1),
(8025, '03081', 0, 1),
(8026, '53424', 0, 1),
(8027, '63579', 0, 1),
(8028, '44660', 0, 1),
(8029, '29119', 0, 1),
(8030, '96940', 0, 1),
(8031, '40583', 0, 1),
(8032, '10421', 0, 1),
(8033, '86158', 0, 1),
(8034, '07340', 0, 1),
(8035, '11735', 0, 1),
(8036, '49298', 0, 1),
(8037, '24587', 0, 1),
(8038, '63041', 0, 1),
(8039, '43921', 0, 1),
(8040, '49139', 0, 1),
(8041, '13453', 0, 1),
(8042, '56425', 0, 1),
(8043, '52928', 0, 1),
(8044, '78029', 0, 1),
(8045, '24779', 0, 1),
(8046, '46413', 0, 1),
(8047, '65587', 0, 1),
(8048, '70525', 0, 1),
(8049, '65191', 0, 1),
(8050, '62584', 0, 1),
(8051, '38794', 0, 1),
(8052, '66124', 0, 1),
(8053, '28371', 0, 1),
(8054, '28380', 0, 1),
(8055, '06450', 0, 1),
(8056, '43710', 0, 1),
(8057, '01245', 0, 1),
(8058, '34240', 0, 1),
(8059, '51545', 0, 1),
(8060, '40813', 0, 1),
(8061, '39990', 0, 1),
(8062, '26850', 0, 1),
(8063, '41646', 0, 1),
(8064, '56870', 0, 1),
(8065, '91412', 0, 1),
(8066, '89610', 0, 1),
(8067, '58857', 0, 1),
(8068, '40060', 0, 1),
(8069, '91259', 0, 1),
(8070, '29197', 0, 1),
(8071, '86851', 0, 1);

--
-- Indexes for dumped tables
--

--
-- Indexes for table `admin`
--
ALTER TABLE `admin`
  ADD PRIMARY KEY (`id_admin`);

--
-- Indexes for table `data_pemilihan`
--
ALTER TABLE `data_pemilihan`
  ADD PRIMARY KEY (`id_data_pemilihan`);

--
-- Indexes for table `jurusan`
--
ALTER TABLE `jurusan`
  ADD PRIMARY KEY (`id_jurusan`);

--
-- Indexes for table `kandidat`
--
ALTER TABLE `kandidat`
  ADD PRIMARY KEY (`id_kandidat`);

--
-- Indexes for table `kelas`
--
ALTER TABLE `kelas`
  ADD PRIMARY KEY (`id_kelas`);

--
-- Indexes for table `konfigurasi`
--
ALTER TABLE `konfigurasi`
  ADD PRIMARY KEY (`id`);

--
-- Indexes for table `pemilih`
--
ALTER TABLE `pemilih`
  ADD PRIMARY KEY (`id_pemilih`);

--
-- AUTO_INCREMENT for dumped tables
--

--
-- AUTO_INCREMENT for table `admin`
--
ALTER TABLE `admin`
  MODIFY `id_admin` int(11) NOT NULL AUTO_INCREMENT, AUTO_INCREMENT=2;

--
-- AUTO_INCREMENT for table `data_pemilihan`
--
ALTER TABLE `data_pemilihan`
  MODIFY `id_data_pemilihan` int(11) NOT NULL AUTO_INCREMENT, AUTO_INCREMENT=109;

--
-- AUTO_INCREMENT for table `jurusan`
--
ALTER TABLE `jurusan`
  MODIFY `id_jurusan` int(11) NOT NULL AUTO_INCREMENT, AUTO_INCREMENT=9;

--
-- AUTO_INCREMENT for table `kandidat`
--
ALTER TABLE `kandidat`
  MODIFY `id_kandidat` int(11) NOT NULL AUTO_INCREMENT, AUTO_INCREMENT=16;

--
-- AUTO_INCREMENT for table `kelas`
--
ALTER TABLE `kelas`
  MODIFY `id_kelas` int(11) NOT NULL AUTO_INCREMENT, AUTO_INCREMENT=11;

--
-- AUTO_INCREMENT for table `konfigurasi`
--
ALTER TABLE `konfigurasi`
  MODIFY `id` int(11) NOT NULL AUTO_INCREMENT, AUTO_INCREMENT=2;

--
-- AUTO_INCREMENT for table `pemilih`
--
ALTER TABLE `pemilih`
  MODIFY `id_pemilih` int(11) NOT NULL AUTO_INCREMENT, AUTO_INCREMENT=8072;
COMMIT;

/*!40101 SET CHARACTER_SET_CLIENT=@OLD_CHARACTER_SET_CLIENT */;
/*!40101 SET CHARACTER_SET_RESULTS=@OLD_CHARACTER_SET_RESULTS */;
/*!40101 SET COLLATION_CONNECTION=@OLD_COLLATION_CONNECTION */;
